{"issues":[{"type":"UNSUPPORTED_AMPSCRIPT","level":"INFO","sourceJobType":"PACKAGE","issue":"UNRESOLVED_VARIABLE"}],"originID":"1464713","originEID":"mc2h-lnx9y6g8mb6fw8vdx6d5cn8","data":{"code":"<script runat=\"server\" language=\"JavaScript\">\n  Platform.Load(\"Core\", \"1\");\n\n   var jsonpost = Platform.Request.GetPostData();\n\n   var json = Platform.Function.ParseJSON(jsonpost)[0];\n  \n Platform.Variable.SetValue(\"@status\",json.eventCategoryType);\n  try { \n  if(json.eventCategoryType != \"\" && json.composite && json.info){\n  \n   var rows = Platform.Function.InsertData(\"{{mcpm#/entities/dataExtensions/db73978e-1f71-ed11-ba3e-d4f5ef4cd460/data/name}}\",[\"EventCategoryType\",\"TimestampUTC\",\"CompositeId\",\"DefinitionKey\",\"EmailAddress\",\"SubscriberKey\",\"MessageKey\",\"Reason\",\"StatusCode\",\"StatusMessage\",\"DefinitionId\",\"JobID\",\"BatchID\",\"ListID\",\"SubscriberID\",\"EmailID\"],[json.eventCategoryType,json.timestampUTC,json.compositeId,json.definitionKey,json.info.to,json.info.subscriberKey,json.info.messageKey,json.info.reason,json.info.statusCode,json.info.statusMessage,json.definitionId,json.composite.jobid,json.composite.batchId,json.composite.listId,json.composite.subscriberId,json.composite.emailId]);\n    Platform.Variable.SetValue(\"@status\",rows);\n  }\n    } catch(e) {  Platform.Variable.SetValue(\"@status\",Stringify(e)); }\n  \n</script>\n{\"status\":\"%%=v(@status)=%%\"}","collectionId":"{{mcpm#/entities/cloudPageCollections/864/data/collectionId}}","contentType":"application/json","cultureCode":"en-US","description":"","name":"TransactionalSendsMonitor","requiresSsl":true,"url":"https://mc2h-lnx9y6g8mb6fw8vdx6d5cn8.pub.sfmc-content.com/a2g5zjz4icb","asset":{"assetType":{"id":242,"name":"jsoncoderesource"},"description":"","name":"TransactionalSendsMonitor","category":{"id":"{{mcpm#/entities/categories/4553/data/id}}","name":"Content Builder","parentId":0},"content":"<script runat=\"server\" language=\"JavaScript\">\n  Platform.Load(\"Core\", \"1\");\n\n   var jsonpost = Platform.Request.GetPostData();\n\n   var json = Platform.Function.ParseJSON(jsonpost)[0];\n  \n Platform.Variable.SetValue(\"@status\",json.eventCategoryType);\n  try { \n  if(json.eventCategoryType != \"\" && json.composite && json.info){\n  \n   var rows = Platform.Function.InsertData(\"TransactionalSendsMonitor\",[\"EventCategoryType\",\"TimestampUTC\",\"CompositeId\",\"DefinitionKey\",\"EmailAddress\",\"SubscriberKey\",\"MessageKey\",\"Reason\",\"StatusCode\",\"StatusMessage\",\"DefinitionId\",\"JobID\",\"BatchID\",\"ListID\",\"SubscriberID\",\"EmailID\"],[json.eventCategoryType,json.timestampUTC,json.compositeId,json.definitionKey,json.info.to,json.info.subscriberKey,json.info.messageKey,json.info.reason,json.info.statusCode,json.info.statusMessage,json.definitionId,json.composite.jobid,json.composite.batchId,json.composite.listId,json.composite.subscriberId,json.composite.emailId]);\n    Platform.Variable.SetValue(\"@status\",rows);\n  }\n    } catch(e) {  Platform.Variable.SetValue(\"@status\",Stringify(e)); }\n  \n</script>\n{\"status\":\"%%=v(@status)=%%\"}","contentType":"application/json","customerKey":"a0e49657-b4e7-41a0-9cd1-97ac403cbf7a"}}}