{"cloudPageCollections/864":[],"dataExtensions/db73978e-1f71-ed11-ba3e-d4f5ef4cd460":[{"identifier":"categories/316621","relationship":"required"}],"dataExtensions/c0d3461a-1f71-ed11-ba3e-d4f5ef4cd460":[{"identifier":"categories/316621","relationship":"required"}],"categories/316621":[{"identifier":"categories/5763","relationship":"required"}],"categories/5763":[{"identifier":"categories/4539","relationship":"required"}],"categories/4539":[],"codeResources/1464713":[{"identifier":"cloudPageCollections/864","relationship":"required"},{"identifier":"dataExtensions/db73978e-1f71-ed11-ba3e-d4f5ef4cd460","relationship":"required"},{"identifier":"categories/4553","relationship":"required"}],"categories/4553":[]}