{"issues":[],"originID":"c0d3461a-1f71-ed11-ba3e-d4f5ef4cd460","originEID":"mc2h-lnx9y6g8mb6fw8vdx6d5cn8","data":{"categoryId":"{{mcpm#/entities/categories/316621/data/id}}","dataRetentionProperties":{"isDeleteAtEndOfRetentionPeriod":false,"isResetRetentionPeriodOnImport":false,"isRowBasedRetention":false,"rowBasedThreshold":100000000},"description":"","isFieldAdditionAllowed":true,"isFieldModificationAllowed":true,"isObjectDeletable":true,"isSendable":false,"isTestable":false,"name":"TransactionalSendsVerificationKey","fields":[{"description":"","isHidden":false,"isInheritable":false,"isOverridable":false,"isNullable":false,"isPrimaryKey":false,"isReadOnly":false,"isTemplateField":false,"length":150,"masktype":"None","mustOverride":false,"name":"VerificationKey","ordinal":0,"type":"Text"}]}}